,Consommation (MW),Thermique (MW),Nucléaire (MW),Eolien (MW),Solaire (MW),Hydraulique (MW),Bioénergies (MW),Annee
0,4681.271110413456,415.0971326369466,3837.748002169073,150.62507372947468,42.852954887074986,709.3691230473581,58.16317046254543,2013
1,4398.293169710807,237.46368436073058,3952.6673563546424,162.27605593607308,55.363674847793,640.7927273592085,71.44634227549467,2014
2,4501.073630136986,317.32726407914765,3961.704756468797,200.6667189878235,69.31474980974126,556.6948344748859,75.30782439117199,2015
3,4556.727174408014,421.16223151942927,3640.1821730798424,198.44521288706736,78.37065972222223,601.0815070962356,82.6455914162113,2016
4,4557.1225551750385,501.8413051750381,3604.321875,229.23792808219181,85.55894691780823,504.3114345509894,89.78948820395738,2017
5,4523.601593417047,361.4262937595129,3738.427644596652,267.6063926940639,100.67586092085236,641.2438213470319,90.81126807458143,2018
6,4475.6200152207,390.7576912100456,3607.589069634703,321.6891267123288,115.12733066971082,566.0307077625571,91.90123192541857,2019
7,4129.05219216418,330.1631944444444,3117.695403192372,361.4077736318408,127.74840899668324,609.0277570480928,89.00993470149253,2020
